{"avg_loss": 0.713989632400158, "_timestamp": 1670505430.6598034, "_runtime": 504.09546732902527, "_step": 99, "_wandb": {"runtime": 2340}}