{"avg_loss": 0.9094982491952938, "_timestamp": 1670504012.361199, "_runtime": 559.2329709529877, "_step": 99, "_wandb": {"runtime": 566}}