{"avg_loss": 1.5182506066599937, "_timestamp": 1670274050.2442026, "_runtime": 261.6337716579437, "_step": 9, "_wandb": {"runtime": 174}}